{
    "loss": 2.3388757705688477,
    "accuracy": 0.6978417038917542
}